Type,Name,Request Count,Failure Count,Median Response Time,Average Response Time,Min Response Time,Max Response Time,Average Content Size,Requests/s,Failures/s,50%,66%,75%,80%,90%,95%,98%,99%,99.9%,99.99%,100%
GET,/api/carrito,477,0,9,14.934700649169194,4.328775918111205,662.959354929626,427.6792452830189,2.650273724521093,0.0,9,11,13,14,20,28,49,130,660,660,660
DELETE,/api/carrito/vaciar,125,0,10,11.874025408178568,4.3533300049602985,62.36113095656037,35.0,0.6945161751889657,0.0,10,12,13,14,19,24,31,60,62,62,62
POST,/api/cart/add,841,0,11,17.920610033679978,5.5643359664827585,583.5906229913235,52.0,4.672704826671361,0.0,11,14,15,16,22,30,74,210,580,580,580
POST,/api/checkout,74,1,11,13.418898464658776,5.360717885196209,67.77613400481641,72.1891891891892,0.4111535757118677,0.005556129401511726,11,13,14,16,21,28,40,68,68,68,68
POST,/api/login,50,0,2100.0,2040.3264723997563,1597.622144035995,2437.844211002812,213.46,0.2778064700755863,0.0,2100,2200,2200,2200,2300,2400,2400,2400,2400,2400,2400
GET,/api/menu,323,0,6,14.685854299899317,2.748781116679311,570.7689749542624,183.0,1.7946297966882876,0.0,6,8,9,10,15,24,59,310,570,570,570
GET,/api/pedidos,326,0,46,58.73199839979136,30.364933889359236,1061.6058120504022,149435.88036809815,1.8112981848928227,0.0,46,53,57,62,79,90,160,200,1100,1100,1100
GET,/api/pedidos/[order_id],97,0,8,9.909446999315442,5.156463943421841,27.40436396561563,712.2371134020618,0.5389445519466374,0.0,8,10,11,12,15,19,26,27,27,27,27
GET,/api/productos,1092,0,8,15.729896256430655,3.844129154458642,665.5325449537486,1782.6675824175825,6.067293306450805,0.0,8,10,12,13,17,23,50,370,590,670,670
GET,/api/productos/[idurl],520,0,9,12.464981499271325,4.1407751850783825,287.89124195463955,451.69807692307694,2.8891872887860974,0.0,9,11,12,13,17,24,41,55,290,290,290
PATCH,/api/productos/[idurl] PATCH,241,0,12,14.605116891323036,4.39505884423852,387.2830381151289,406.90871369294604,1.339027185764326,0.0,12,14,14,15,20,24,37,52,390,390,390
PUT,/api/productos/[idurl] PUT,121,0,11,18.402575509437966,6.414545001462102,278.7457599770278,405.8264462809917,0.6722916575829189,0.0,11,14,17,18,21,30,190,230,280,280,280
POST,/api/registro,115,0,150.0,173.05501820519567,120.92644907534122,329.7102339565754,4504.0,0.6389548811738485,0.0,150,180,200,210,240,270,310,320,330,330,330
,Aggregated,4402,1,10,45.626249045706096,2.748781116679311,2437.844211002812,11803.522035438436,24.458081625454618,0.005556129401511726,10,13,16,19,43,120,250,1700,2300,2400,2400
